distribution,n,algorithm,trials,mean_ms,median_ms,min_ms,max_ms
random,100,randomized,5,0.05658,0.05508,0.05267,0.06296
random,100,deterministic,5,0.04988,0.04829,0.04775,0.05462
random,500,randomized,5,0.30439,0.29454,0.28587,0.33517
random,500,deterministic,5,0.24127,0.24238,0.23037,0.24729
random,1000,randomized,5,0.65397,0.64908,0.61371,0.71029
random,1000,deterministic,5,0.55541,0.55171,0.50858,0.62
random,2000,randomized,5,1.29114,1.27846,1.25879,1.36933
random,2000,deterministic,5,1.07609,1.06783,1.02642,1.12462
random,4000,randomized,5,2.73877,2.69013,2.5585,2.98387
random,4000,deterministic,5,2.18318,2.15921,2.08688,2.30337
sorted,100,randomized,5,0.04655,0.03963,0.03887,0.07525
sorted,100,deterministic,5,0.05158,0.04846,0.04838,0.06304
sorted,500,randomized,5,0.24425,0.24088,0.2255,0.27617
sorted,500,deterministic,5,0.41692,0.413,0.40458,0.43217
sorted,1000,randomized,5,0.5344,0.53383,0.49667,0.58183
sorted,1000,deterministic,5,1.12214,1.10258,1.05787,1.27925
sorted,2000,randomized,5,1.1115,1.11125,1.07179,1.15229
sorted,2000,deterministic,5,2.8822,2.90338,2.8105,2.93558
sorted,4000,randomized,5,2.44074,2.40775,2.29904,2.65283
sorted,4000,deterministic,5,7.948,7.96067,7.84454,8.00329
reverse,100,randomized,5,0.04921,0.04138,0.04038,0.06321
reverse,100,deterministic,5,0.15617,0.14817,0.13717,0.19975
reverse,500,randomized,5,0.24543,0.24663,0.22467,0.26667
reverse,500,deterministic,5,3.21294,3.17238,3.12079,3.37521
reverse,1000,randomized,5,0.52202,0.51254,0.49729,0.55583
reverse,1000,deterministic,5,15.62867,13.063,12.79825,26.11688
reverse,2000,randomized,5,1.17048,1.15975,1.1515,1.21313
reverse,2000,deterministic,5,53.72344,53.79633,53.44946,53.9165
reverse,4000,randomized,5,2.48326,2.47887,2.47008,2.50446
reverse,4000,deterministic,5,223.22449,222.97896,222.29058,224.18417
repeated,100,randomized,5,0.02491,0.0195,0.01854,0.04667
repeated,100,deterministic,5,0.02585,0.02442,0.02279,0.03413
repeated,500,randomized,5,0.0641,0.06117,0.05846,0.07167
repeated,500,deterministic,5,0.06929,0.06675,0.063,0.07712
repeated,1000,randomized,5,0.12202,0.12108,0.10746,0.14542
repeated,1000,deterministic,5,0.12616,0.12858,0.11321,0.13975
repeated,2000,randomized,5,0.22271,0.2035,0.193,0.2675
repeated,2000,deterministic,5,0.23086,0.23683,0.20833,0.25479
repeated,4000,randomized,5,0.41333,0.41721,0.38096,0.46021
repeated,4000,deterministic,5,0.44,0.42579,0.39733,0.54312
